Score;PMMCB2;PMMCB26;PMMCB10;PMMCB6;PMMCB19;PMMCB81;MCA12;PMMCB105;PMMCB32;MCA9;PMMCB34;MCA20;MCA34;MCA22;MCA27;PMMCB79;PMMCB96;PMMCB94;PMMCB88;MCA39;MCA40;PMMCB52;MCA31;MCA29;MCA32;PMMCB75
;5;5;5;5;5;5;5;5;5;5;5;5;5;5;5;5;5;5;5;5;5;5;5;5;5;5
;0;18.823;41.116;44.12;82.552;117.338;129.609;139.883;145.402;149.926;159.306;189.262;189.777;190.288;192.217;193.963;194.472;195.324;195.666;198.672;201.667;213.56;220.683;231.825;256.479;314.778
0;a;a;a;a;a;a;a;a;a;a;a;a;a;a;a;a;a;a;a;a;a;a;a;a;a;a
0;a;a;a;a;a;a;a;a;a;a;a;a;a;a;a;a;a;a;a;a;a;a;a;a;a;a
0;a;a;a;a;a;a;a;a;a;a;a;a;a;a;a;a;a;a;a;a;a;a;a;a;a;a
0;a;a;a;a;a;a;a;a;a;a;a;a;a;a;a;a;a;a;a;a;a;a;a;a;a;a
5;b;a;b;b;b;b;b;b;a;b;b;b;b;b;b;b;b;b;b;b;b;b;b;b;b;b
5;b;a;b;b;b;b;b;b;a;b;b;b;b;b;b;b;b;b;b;b;b;b;b;b;b;b
5;b;a;b;b;b;b;b;b;a;b;b;b;b;b;b;b;b;b;b;b;b;b;b;b;b;b
5;b;a;b;b;b;b;b;b;a;b;b;b;b;b;b;b;b;b;b;b;b;b;b;b;b;b
0;h;h;h;h;h;h;h;h;h;h;h;h;h;h;h;h;h;h;h;h;h;h;h;h;h;h
0;h;h;h;h;h;h;h;h;h;h;h;h;h;h;h;h;h;h;h;h;h;h;h;h;h;h
0;h;h;h;h;h;h;h;h;h;h;h;h;h;h;h;h;h;h;h;h;h;h;h;h;h;h
0;h;h;h;h;h;h;h;h;h;h;h;h;h;h;h;h;h;h;h;h;h;h;h;h;h;h
0;h;h;h;h;h;h;h;h;h;h;h;b;b;b;b;b;b;b;b;b;b;b;b;b;b;h
0;a;a;b;a;a;a;a;a;a;a;a;a;a;a;a;a;a;a;a;a;a;a;a;a;a;a
0;h;h;h;h;h;h;h;h;h;h;h;h;h;h;h;h;h;h;h;h;h;h;h;h;h;h
0;b;b;h;h;b;h;h;b;b;b;b;h;h;h;h;h;h;h;h;h;h;h;h;h;h;b
0;h;h;h;h;h;h;h;h;h;h;h;a;a;a;a;a;a;a;a;a;a;a;a;a;a;h
0;a;a;b;a;a;h;h;h;h;h;h;h;h;h;h;h;h;h;h;h;h;h;h;h;h;h
0;a;a;a;a;a;a;a;a;a;a;a;h;h;h;h;h;h;h;h;h;h;h;h;h;h;a
0;h;h;a;a;h;b;b;h;h;h;h;b;b;b;b;b;a;b;b;b;b;b;b;b;b;b
0;h;h;b;h;b;h;h;h;h;h;h;b;b;h;h;h;h;h;h;h;h;h;h;h;b;h
0;b;b;h;h;b;b;h;b;b;b;b;h;h;h;h;h;h;h;h;h;h;h;h;h;b;b
0;h;h;h;h;h;a;a;a;a;a;a;h;h;h;h;h;h;h;h;h;h;h;h;h;h;h
0;h;h;h;h;h;h;h;h;h;h;h;h;h;h;h;h;h;h;h;h;h;h;h;h;h;a
0;h;h;h;h;h;b;b;b;h;b;b;b;b;b;b;b;b;b;b;b;b;b;b;b;b;a
0;a;h;h;h;h;a;a;a;a;a;a;a;a;a;a;a;a;a;a;a;h;a;a;a;a;b
0;h;h;h;h;h;h;h;h;h;h;h;h;h;h;h;h;h;h;h;h;h;h;h;h;h;a
0;h;h;h;h;h;h;h;h;h;h;h;b;b;b;h;h;h;h;h;h;h;h;h;h;b;a
0;b;b;b;b;b;h;h;h;b;b;b;h;h;h;h;h;h;h;h;h;a;h;h;h;h;a
0;a;a;a;a;a;h;h;h;h;h;h;h;h;h;h;h;h;h;h;h;h;h;h;h;a;h
0;b;b;b;b;b;b;b;b;b;b;b;b;b;b;b;b;b;b;b;b;b;b;b;b;b;b
0;b;a;a;a;b;a;a;h;h;h;h;a;a;a;a;a;a;a;a;a;a;a;a;a;h;a
0;h;h;h;h;h;h;h;h;h;h;h;h;h;h;h;h;h;h;h;h;h;h;h;h;h;a
0;a;b;h;h;h;a;a;a;a;a;b;h;h;h;h;h;h;h;h;h;h;h;h;h;h;a
0;a;b;b;b;a;a;a;a;a;a;b;a;a;a;a;a;a;a;a;a;a;a;a;a;a;a
0;a;b;b;b;a;a;a;a;a;a;b;a;a;a;a;a;a;a;a;a;a;a;a;a;a;b
0;a;b;h;h;h;h;h;h;h;h;h;h;h;h;h;h;h;h;h;h;h;h;h;h;h;a
0;h;b;b;b;a;h;h;h;h;h;h;h;h;h;b;b;b;b;b;b;b;b;b;b;a;b
0;a;b;b;b;a;a;a;a;a;a;b;h;h;h;h;h;h;h;h;h;h;h;h;h;b;a
0;h;h;h;h;h;h;h;h;h;h;h;h;h;h;h;h;h;h;h;h;h;h;h;h;h;a
0;b;a;a;a;b;b;b;b;b;b;a;b;b;b;b;b;b;b;b;b;b;b;b;b;b;b
0;a;b;b;b;a;a;h;a;a;a;b;b;b;b;b;b;b;b;b;b;b;b;b;b;b;b
0;h;h;a;a;b;h;h;h;h;h;h;h;h;h;h;h;h;h;h;h;h;h;h;h;h;a
0;a;b;b;b;a;h;h;a;a;a;b;h;h;h;h;h;h;h;h;h;h;h;h;h;a;b
0;a;b;b;b;a;a;a;a;a;a;b;h;h;h;h;h;h;h;h;h;h;h;h;h;h;a
0;a;h;h;h;h;a;h;a;a;a;b;h;h;h;h;h;h;h;h;b;b;h;h;h;h;b
0;h;h;h;h;h;h;h;h;h;h;h;b;b;h;h;h;h;h;h;h;h;h;h;h;h;b
0;h;h;h;h;h;h;h;h;h;h;h;h;h;h;h;h;h;h;h;h;h;h;h;h;a;a
0;a;h;h;h;h;a;a;a;a;a;b;a;a;a;a;a;a;a;a;a;a;a;a;a;h;a
0;a;b;b;b;a;a;a;a;a;a;b;a;a;a;a;a;a;a;a;a;a;a;a;a;a;a
0;a;b;b;b;a;a;a;a;a;a;b;a;a;a;a;a;a;a;a;a;a;a;a;a;a;a
0;b;a;a;h;b;b;b;b;b;b;a;b;b;b;b;b;b;b;b;b;b;b;b;b;a;a
0;b;a;a;a;b;h;h;h;h;h;h;h;h;h;h;h;h;h;h;h;h;h;h;h;h;a
0;a;h;h;h;h;a;a;a;a;a;b;h;h;h;h;h;h;h;h;h;h;h;h;h;a;a
0;h;h;b;b;a;h;h;h;h;h;h;h;h;h;h;h;h;h;h;h;h;h;h;h;a;a
0;h;a;a;a;b;h;h;h;h;h;h;a;a;a;a;a;a;a;a;a;a;a;a;a;a;a
0;h;h;a;a;b;h;h;h;h;h;h;h;h;h;h;h;h;h;h;h;h;h;h;h;a;b
0;h;h;h;h;h;a;h;a;a;a;b;h;h;h;h;h;h;h;h;h;h;h;h;h;a;a
0;a;b;b;b;a;a;a;a;a;a;b;b;b;b;b;b;b;b;b;b;b;b;b;b;b;b
0;b;a;a;h;b;h;b;h;h;h;h;h;h;h;h;h;h;h;h;h;h;h;h;h;a;a
0;h;h;h;h;h;h;h;h;h;h;h;b;b;b;b;b;b;b;b;b;b;b;b;b;h;b
0;a;b;h;h;h;a;a;a;a;a;b;h;h;h;h;h;h;h;h;h;h;h;h;h;h;a
0;h;h;h;h;h;h;h;h;h;h;h;b;b;b;b;b;b;b;b;b;b;b;b;h;h;a
0;a;a;a;a;b;b;h;a;a;a;a;h;h;h;h;h;h;h;h;h;h;a;a;h;h;h
1;h;h;h;a;h;h;a;h;h;h;h;h;h;h;h;h;h;h;h;h;h;h;h;h;h;h
1;h;a;a;a;a;b;b;b;h;b;b;b;b;b;b;b;b;b;b;b;b;b;b;b;b;h
1;h;h;h;h;h;h;h;h;h;h;h;h;h;h;a;h;h;h;h;h;h;h;h;h;a;a
1;b;b;h;h;b;b;b;b;b;b;b;h;h;h;h;h;h;h;h;h;h;h;h;h;h;h
1;h;h;a;a;h;h;h;h;h;h;h;h;h;h;h;h;h;h;h;h;h;h;h;h;h;h
1;h;h;h;h;h;h;h;h;h;h;h;a;a;a;a;a;a;a;a;a;a;a;a;a;a;a
1;h;h;h;h;h;h;h;h;h;h;h;h;h;h;h;h;h;h;h;h;h;h;h;h;h;h
1;h;h;h;h;h;h;h;h;h;h;h;b;b;b;b;b;b;b;b;b;b;b;b;b;b;h
1;h;h;h;h;h;h;h;h;h;h;h;h;h;h;h;h;h;h;h;h;b;h;h;h;h;b
1;b;b;b;b;b;b;b;b;b;b;b;b;b;b;b;b;b;b;b;b;b;b;b;b;b;b
1;a;a;h;h;h;h;h;a;a;a;a;b;b;b;b;b;b;b;b;b;b;b;b;b;b;b
1;h;h;h;h;h;h;h;h;h;h;h;a;a;a;a;a;a;a;a;a;a;a;a;a;a;a
1;h;h;h;h;h;b;b;b;b;b;b;b;b;b;b;b;b;b;b;h;h;b;b;b;b;h
1;h;h;a;a;a;h;h;h;h;h;h;b;b;b;b;b;b;b;b;b;b;b;b;b;b;b
1;b;b;b;b;b;b;b;b;b;b;b;b;b;b;b;b;b;b;b;h;h;b;b;b;b;h
1;b;h;h;h;h;h;h;h;h;h;h;b;b;b;b;b;b;b;b;b;h;b;b;b;b;h
1;a;a;a;b;h;a;a;a;a;a;a;h;h;h;h;h;h;h;h;h;h;h;h;h;h;b
1;h;h;h;h;h;a;a;h;h;h;h;h;h;h;h;h;h;h;h;h;h;h;h;h;h;b
1;h;h;h;h;h;h;h;h;h;h;h;h;h;h;h;h;h;h;h;h;h;h;h;h;h;h
1;b;b;h;h;b;b;b;b;b;b;b;b;b;b;b;b;b;b;b;b;b;b;b;b;b;b
1;a;h;h;h;h;h;h;a;a;a;b;h;h;h;h;h;h;h;h;h;h;h;h;h;b;a
1;a;b;h;h;h;a;a;a;a;a;b;h;h;h;h;h;h;h;h;h;h;h;h;h;h;b
1;b;h;h;h;h;b;b;b;b;b;a;b;b;b;b;b;b;b;b;b;b;b;b;b;b;b
1;h;h;h;h;h;h;h;h;h;h;h;h;h;h;h;h;h;h;h;h;h;h;h;h;h;a
1;h;a;a;a;b;h;h;h;h;h;h;h;h;h;h;h;h;h;h;h;h;h;h;h;h;a
1;a;b;h;a;a;a;a;a;a;a;b;a;a;a;a;a;a;a;a;a;a;a;a;a;h;a
1;h;h;h;h;h;h;h;h;h;h;h;a;a;a;a;a;a;a;a;a;a;a;a;a;h;a
1;h;h;h;h;h;h;h;h;h;h;h;b;b;b;b;b;b;b;b;b;b;b;b;b;h;b
1;h;h;h;h;h;h;h;h;h;h;h;b;b;b;b;b;b;b;b;b;b;b;b;b;h;b
1;h;h;h;h;h;h;h;h;h;h;h;h;h;h;h;h;h;h;h;h;h;h;h;h;h;b
1;h;h;h;h;h;b;b;h;h;h;h;b;b;b;b;b;b;b;b;b;b;b;b;b;h;b
1;h;h;a;a;h;h;h;h;h;h;h;h;h;h;h;h;h;h;h;h;h;h;h;h;a;b
1;h;h;h;h;h;h;h;h;h;h;h;h;h;h;h;h;h;h;h;h;h;h;h;h;a;a
1;h;h;h;h;h;h;h;h;h;h;h;h;h;h;h;h;h;h;h;h;h;h;h;h;a;a
1;h;h;h;h;h;h;h;h;h;h;h;h;h;h;h;h;h;h;h;h;h;h;h;h;a;a
1;h;h;h;h;h;h;h;h;h;h;h;h;h;h;h;h;h;h;h;h;h;h;h;h;a;a
1;h;h;b;b;a;h;h;h;h;h;h;h;h;h;h;h;h;h;h;h;h;h;h;h;a;a
1;b;a;a;a;b;b;b;b;b;b;a;b;b;b;b;b;b;b;b;b;b;b;b;b;a;b
1;a;b;b;b;a;a;a;a;a;a;b;h;h;h;h;h;h;h;h;h;a;h;h;h;a;a
1;b;a;h;h;h;h;h;h;b;h;h;h;h;h;h;h;h;h;h;h;h;h;h;h;a;a
1;h;h;b;b;a;h;h;h;h;h;h;b;b;b;b;b;b;b;b;b;b;b;b;b;h;b
1;b;a;h;h;h;a;a;h;b;h;h;a;a;a;a;a;a;a;a;a;a;a;a;a;a;a
1;h;h;b;b;a;h;a;h;h;h;h;h;h;h;h;h;h;h;h;h;h;a;a;h;b;a
1;a;a;h;a;b;b;a;a;a;a;a;h;h;h;h;h;h;h;h;h;h;a;a;h;h;b
1;b;b;b;b;a;a;b;b;b;b;b;a;a;a;a;a;a;a;a;a;a;a;h;h;h;a
1;b;b;b;b;a;h;h;h;h;h;h;h;h;h;h;h;h;h;h;h;h;a;a;h;h;b
1;h;h;h;h;h;h;h;h;h;h;h;h;h;h;h;h;h;h;h;h;h;a;a;h;h;a
1;b;b;h;h;h;a;b;b;b;b;b;b;b;b;b;b;b;b;b;b;b;b;b;h;h;b
1;h;h;h;h;h;a;b;b;b;b;b;b;b;b;b;b;b;b;b;b;b;b;b;a;h;b
1;h;h;h;h;h;h;h;h;h;h;h;b;b;b;b;b;b;b;b;b;b;b;b;h;h;h
1;h;b;b;b;a;b;h;a;a;a;a;a;a;a;a;a;a;a;a;a;a;a;h;h;h;b
1;h;b;h;h;h;h;h;h;h;h;h;h;h;h;h;h;h;h;h;h;a;a;a;h;h;b
1;h;h;a;a;h;h;h;h;h;h;h;h;h;a;a;a;a;a;a;a;a;a;h;b;h;b
1;a;a;h;h;h;b;h;a;a;a;a;h;h;h;h;h;h;h;h;h;h;a;a;h;h;h
1;b;b;h;h;a;a;b;b;b;b;b;h;h;h;h;h;h;h;h;h;h;a;a;h;h;a
1;h;h;h;h;h;h;h;h;h;h;h;b;b;b;b;b;b;b;b;b;b;b;b;h;h;b
1;h;h;h;h;h;h;h;h;h;h;h;h;b;b;b;b;b;h;h;h;h;b;b;a;h;h
1;a;a;a;h;b;b;h;a;a;a;a;a;a;a;a;a;a;a;a;a;h;a;h;b;h;b
1;h;h;h;h;h;b;h;a;a;a;a;a;a;a;a;a;a;a;a;a;a;a;h;b;h;b
1;a;a;a;a;b;b;h;a;a;a;a;a;a;a;a;a;a;a;a;a;a;a;h;b;h;a
1;b;h;h;h;h;a;b;b;b;b;b;b;b;b;b;b;b;b;b;b;b;b;b;a;h;a
1;h;b;b;b;a;h;h;h;h;h;h;h;h;h;h;h;h;h;h;h;h;a;a;h;h;b
1;a;a;h;h;h;b;h;a;a;a;a;h;h;h;h;h;h;h;h;h;h;a;a;h;h;b
1;a;a;h;h;h;h;h;a;a;a;a;h;h;h;h;h;h;h;h;h;h;a;a;h;h;h
1;h;h;h;h;h;h;h;h;h;h;h;a;a;a;a;a;a;a;a;a;a;a;h;b;h;a
1;h;h;h;h;h;h;b;h;h;h;h;b;b;b;b;b;b;b;b;b;b;b;b;a;h;a
1;h;h;b;b;a;h;h;h;h;h;h;h;h;h;h;h;h;h;h;h;h;a;h;h;h;h
1;h;h;h;h;h;h;h;h;h;h;h;h;h;h;h;h;h;h;h;h;a;a;a;h;h;h
1;h;h;h;h;h;b;h;a;h;a;a;a;a;a;a;a;a;a;a;a;h;a;h;b;h;b
1;a;a;h;h;h;b;h;a;a;a;a;a;a;a;a;a;a;a;a;a;a;a;h;b;h;h
1;b;b;b;b;a;a;h;b;b;b;b;h;h;h;h;h;h;h;h;h;h;a;a;h;h;b
1;h;h;h;h;h;h;h;h;h;h;h;h;h;h;h;h;h;h;h;h;h;a;a;h;h;a
1;a;a;a;a;b;b;h;a;a;a;a;a;a;a;a;a;a;a;a;a;h;a;h;h;h;h
1;b;b;a;a;h;a;b;b;b;b;b;b;b;b;b;b;b;b;b;b;h;b;h;h;h;a
1;b;b;h;h;a;a;b;b;b;b;b;b;b;b;b;b;b;b;b;b;b;b;h;h;h;b
1;h;h;h;h;h;h;b;h;h;h;h;h;h;h;h;h;h;h;h;h;h;a;h;h;a;a
1;h;h;h;h;h;a;b;b;h;b;b;b;b;b;b;b;b;b;b;b;b;b;h;h;h;h
1;h;h;h;h;h;h;h;h;h;h;h;h;h;h;h;h;h;h;h;h;h;a;a;h;a;a
1;h;h;b;b;a;b;h;a;h;a;a;a;a;a;a;a;a;a;a;a;a;a;h;b;h;b
1;h;h;a;a;b;h;h;h;h;h;h;h;h;h;h;h;h;b;h;h;h;a;h;h;h;h
1;h;h;h;h;h;h;h;h;h;h;h;h;h;h;h;h;h;h;h;h;h;a;h;h;h;b
1;h;h;b;b;h;h;h;h;h;h;h;h;h;h;h;h;h;h;h;h;a;a;h;h;h;h
1;a;a;a;a;b;h;h;a;a;a;a;h;h;h;h;h;h;h;h;h;h;a;h;h;a;b
1;h;h;h;h;h;a;b;b;h;h;b;b;b;b;b;b;b;b;b;b;b;b;h;h;h;a
1;a;a;a;a;b;b;h;a;a;a;a;a;a;a;a;a;a;a;a;a;a;a;h;h;a;h
1;h;h;h;h;h;h;h;h;h;h;h;a;a;a;a;a;a;a;a;a;a;a;h;h;a;a
1;a;a;a;a;b;h;h;h;a;h;h;h;h;h;h;h;h;h;h;h;h;a;a;h;a;h
1;h;h;b;b;a;a;b;b;b;b;b;h;h;h;h;h;h;h;h;h;h;a;a;h;h;h
1;h;h;h;h;h;h;h;h;h;h;h;h;h;h;h;h;h;h;h;h;h;a;a;h;h;a
1;h;h;h;h;a;h;h;a;h;h;h;h;h;h;b;b;b;b;b;b;b;b;b;h;h;h
1;h;h;a;a;h;h;h;h;h;h;h;h;h;h;a;a;a;a;a;a;a;a;h;b;h;h
1;a;a;h;a;h;b;h;a;a;a;a;h;h;h;h;h;h;h;h;h;h;a;b;h;h;h
1;h;h;b;b;a;h;h;a;h;h;h;h;h;h;h;h;h;h;h;h;h;a;a;h;h;a
1;a;h;h;h;h;h;h;h;a;h;h;h;h;h;h;h;h;h;h;h;h;a;a;h;h;h
1;a;a;a;a;b;b;h;a;a;a;a;h;h;h;h;b;b;b;b;b;b;b;a;h;h;h
1;b;b;b;b;a;h;a;h;h;h;h;h;h;h;h;h;h;h;h;h;h;a;a;h;h;h
1;h;h;h;h;h;b;h;a;a;a;a;a;a;a;a;a;a;a;a;a;a;a;h;h;h;b
1;b;b;a;a;h;a;b;b;b;b;b;b;b;b;b;b;b;b;b;b;b;b;b;a;h;h
1;h;h;b;b;a;h;h;h;h;h;h;h;h;h;h;h;h;h;h;h;h;a;a;h;h;b
1;a;a;a;a;b;b;h;a;a;a;a;a;a;a;a;a;a;a;a;a;a;a;h;b;h;b
1;a;a;b;b;h;b;h;a;a;a;a;a;a;a;a;a;a;a;a;a;a;a;h;h;h;a
1;h;h;b;b;h;h;h;h;h;h;h;h;h;h;h;h;h;h;h;h;h;a;a;h;h;b
1;a;a;a;a;b;b;h;a;a;a;a;h;h;h;h;h;h;h;h;h;h;a;a;h;h;a
1;h;h;h;h;h;h;a;h;h;h;h;b;b;b;b;b;b;b;b;b;b;b;b;h;b;b
2;a;h;h;h;h;a;a;a;a;a;a;a;a;a;a;a;a;a;a;a;a;a;a;a;a;h
2;h;h;h;h;h;h;h;h;h;h;h;b;b;b;b;b;b;b;b;b;b;b;b;b;b;h
2;h;h;h;h;h;a;a;a;a;a;a;a;a;a;a;a;a;a;a;a;a;a;a;a;a;a
2;b;h;h;h;h;a;a;a;a;a;a;a;a;a;a;a;a;a;a;a;a;a;a;a;a;h
2;a;a;a;a;a;a;a;a;a;a;a;a;a;a;a;a;a;a;a;a;a;a;a;a;a;a
2;h;h;h;h;h;b;b;b;b;b;b;b;b;b;b;b;b;b;b;h;h;b;b;b;b;a
2;a;a;a;a;a;a;a;a;a;a;a;h;h;h;h;h;h;h;h;h;h;h;h;h;a;h
2;h;h;b;b;b;h;h;h;h;h;h;h;h;h;h;h;h;h;h;h;h;h;h;h;a;a
2;a;a;h;h;h;a;a;a;a;a;a;a;a;a;a;a;h;h;h;a;a;a;a;a;a;h
2;a;h;b;b;h;h;h;h;h;h;h;h;h;h;h;h;h;h;h;h;h;h;h;h;h;h
2;a;a;h;h;h;a;a;a;a;a;a;h;h;h;h;h;h;h;h;h;h;h;h;h;h;h
2;h;h;h;h;h;h;h;h;h;h;h;b;b;b;b;b;b;b;b;b;b;b;b;b;b;h
2;a;a;h;h;h;a;a;a;a;a;a;h;h;h;h;h;h;h;h;h;h;h;h;h;a;a
2;a;a;a;a;a;a;a;a;a;a;a;h;h;h;a;a;a;a;a;a;a;a;a;a;h;b
2;b;b;b;b;b;h;h;h;h;h;h;h;h;h;h;h;h;h;h;a;a;h;h;h;a;a
2;h;h;h;h;h;h;h;h;h;h;h;h;h;h;h;h;h;h;h;h;h;h;h;h;a;h
2;a;a;a;a;a;a;a;a;a;a;a;a;a;a;a;a;a;a;a;a;a;a;a;a;a;a
2;h;h;b;b;b;h;h;h;h;h;h;h;h;h;h;h;h;h;h;h;h;h;h;h;a;b
2;a;a;a;a;a;h;h;a;a;a;a;h;h;h;h;h;h;h;h;h;h;h;h;h;a;b
2;h;h;h;h;h;h;h;h;h;h;h;h;h;h;a;h;h;h;h;b;b;h;h;h;a;b
2;h;h;h;h;h;h;h;h;h;h;h;h;h;h;h;a;a;a;a;h;h;a;h;h;a;h
2;h;h;b;b;b;h;h;h;h;h;h;h;h;h;h;h;h;h;h;h;h;h;h;h;h;h
2;b;b;h;h;b;b;b;b;b;b;b;b;b;b;b;b;b;b;b;h;h;b;b;b;b;h
2;b;b;b;b;b;b;b;b;b;b;b;a;a;a;a;a;a;a;a;a;a;a;a;a;a;a
2;b;h;h;h;h;h;h;h;h;h;h;h;h;h;h;h;h;h;h;b;b;h;h;h;h;h
2;b;b;h;h;h;b;b;b;b;b;b;b;b;b;b;b;b;b;b;b;b;b;b;b;b;b
3;b;b;b;b;b;b;b;b;b;b;b;b;b;b;b;b;b;b;b;h;h;b;b;b;b;h
3;h;h;h;h;h;h;h;h;h;h;h;h;h;h;h;h;h;h;h;h;h;h;h;h;a;b
3;b;b;h;h;h;b;b;b;b;b;b;b;b;b;b;b;b;b;b;b;b;b;b;b;b;b
3;h;h;h;h;h;a;a;a;a;a;a;a;a;a;a;a;a;a;a;a;a;a;a;a;a;a
3;a;a;h;h;h;a;a;a;a;a;a;a;a;a;a;a;a;a;a;a;a;a;a;a;a;a
3;h;h;h;h;h;h;h;h;h;h;h;b;b;b;b;b;b;b;b;b;b;b;b;b;b;b
3;h;h;b;b;b;h;h;h;h;h;h;h;h;h;h;h;h;h;h;h;a;h;h;h;a;h
3;a;a;a;a;a;a;a;a;a;a;a;a;a;a;a;a;a;a;a;a;a;a;a;a;a;a
3;h;h;b;b;b;h;h;h;h;h;h;h;h;h;h;h;h;h;h;h;h;h;h;h;a;h
3;b;b;b;b;b;b;b;b;b;b;b;h;h;h;h;h;h;h;h;h;h;h;h;h;a;a
3;a;a;a;a;a;a;h;h;a;a;a;a;a;a;a;a;a;a;a;a;h;a;a;a;a;h
3;h;h;b;b;b;h;h;h;h;h;h;a;a;a;a;a;a;a;a;a;a;a;a;a;a;a
3;h;h;h;h;h;b;b;h;h;h;h;b;b;b;b;b;b;b;b;b;b;b;b;b;b;b
4;b;b;b;b;b;b;b;b;b;b;b;b;b;b;b;b;b;b;b;b;b;b;b;b;b;h
4;b;b;b;b;b;h;h;h;h;h;h;h;h;h;h;h;h;h;h;h;h;h;h;h;a;h
4;h;h;h;h;h;h;h;h;h;h;h;h;h;h;h;h;h;h;h;h;h;h;h;h;h;h
4;h;a;a;a;a;h;h;h;h;h;h;h;h;h;h;h;h;h;h;h;h;h;h;h;h;h
4;b;b;h;h;h;b;b;b;b;b;b;b;b;b;b;b;b;b;b;b;b;b;b;b;b;h
4;h;h;h;h;h;h;h;h;h;h;h;h;h;h;h;h;h;h;h;h;h;h;h;h;h;h
4;a;h;h;h;h;h;h;h;h;h;h;h;h;h;h;h;h;h;h;a;a;h;h;h;a;a
5;b;b;b;b;b;b;b;b;b;b;b;b;b;b;b;b;b;b;b;b;b;b;b;b;b;b
5;a;a;a;a;a;a;a;a;a;a;a;a;a;a;a;a;a;a;a;a;a;a;a;a;a;h
5;h;h;b;b;b;h;h;h;h;h;h;h;h;h;h;h;h;h;h;h;h;h;h;h;a;h
5;b;h;h;h;h;b;b;b;b;b;b;h;h;h;h;h;h;h;h;h;h;h;h;h;a;a
5;h;h;h;h;h;h;h;h;h;h;h;h;h;h;h;h;h;h;h;h;h;h;h;h;a;b
5;h;h;h;h;h;h;h;h;h;h;h;h;h;h;h;h;h;h;h;h;h;h;h;h;a;h
5;b;b;h;h;b;b;b;b;b;b;b;b;b;b;b;b;b;b;b;b;b;b;b;b;b;h
5;h;h;a;a;a;h;h;h;h;h;h;b;b;b;b;b;b;b;b;b;b;b;b;b;b;b
5;b;b;h;h;h;b;b;b;b;b;b;h;h;h;h;h;h;h;h;h;h;h;h;h;h;h
5;b;h;a;a;a;b;b;b;b;b;b;b;b;b;b;b;b;b;b;b;b;b;b;b;b;b
5;b;b;h;a;b;b;b;b;b;b;b;b;b;b;b;b;b;b;b;b;b;b;b;b;b;h
5;b;b;b;b;b;b;b;b;b;b;b;b;b;b;b;b;b;b;b;b;b;b;b;b;b;b
5;b;b;b;b;b;b;b;b;b;b;b;b;b;b;b;b;b;b;b;b;b;b;b;b;b;b
5;h;b;b;b;b;h;h;h;h;h;h;h;h;h;h;h;h;h;h;h;h;h;h;h;a;a
5;h;h;h;h;h;h;h;h;h;h;h;h;h;h;h;h;h;h;h;b;b;h;h;h;a;b
5;b;b;b;b;b;b;b;b;b;b;b;b;b;b;b;b;b;b;b;b;b;b;b;b;h;b
5;b;b;h;h;b;b;b;b;b;b;b;h;h;h;h;h;h;h;h;h;h;h;h;h;a;b
5;b;b;b;b;b;b;b;b;b;b;b;b;b;b;b;b;b;b;b;b;b;b;b;b;b;a
5;b;b;b;b;b;b;b;b;b;b;b;h;h;h;h;h;h;h;h;h;h;h;h;h;a;h
5;h;h;h;h;h;b;b;b;b;b;b;h;h;h;h;h;h;h;h;h;h;h;h;h;a;h
5;h;h;h;h;h;b;b;b;b;b;b;b;b;b;b;h;h;h;h;h;h;h;b;h;b;a
5;b;b;b;b;b;b;b;b;b;b;b;a;a;a;a;a;a;a;a;a;a;a;a;a;a;a
5;h;h;a;a;a;a;a;a;h;a;a;a;a;a;a;a;a;a;a;a;a;a;a;a;a;a
5;h;h;h;h;h;h;h;h;h;h;h;h;h;h;h;h;h;h;h;h;h;h;h;h;a;b
5;h;h;h;h;h;h;h;h;h;h;h;h;h;h;h;h;h;h;h;h;h;h;h;h;a;a
5;h;h;h;h;h;h;h;h;h;h;h;h;h;h;h;h;h;h;h;b;b;h;h;h;a;b
5;b;b;h;h;b;b;b;b;b;b;b;b;b;b;b;b;b;b;b;b;b;b;b;b;b;b
5;a;a;a;a;a;h;h;h;a;h;h;h;h;h;b;b;b;b;b;b;b;b;b;b;a;b
5;a;a;a;a;a;b;b;b;a;b;b;b;b;b;b;b;b;b;b;b;b;b;b;b;b;b
5;h;h;a;a;a;h;h;h;h;h;h;h;h;h;h;h;h;h;h;h;h;h;h;h;a;a
5;a;a;a;a;a;h;a;h;h;h;h;h;h;h;h;h;h;h;h;h;h;h;h;h;h;b
5;h;h;h;h;h;a;a;h;h;h;h;a;a;a;a;a;a;a;a;a;a;a;a;a;a;a
5;a;a;a;a;a;a;a;a;a;a;a;a;a;a;a;a;a;a;a;a;a;a;a;a;a;a
5;h;h;h;h;h;b;b;h;h;h;h;b;b;b;b;b;b;b;b;b;b;b;b;b;b;h
5;a;a;a;h;a;h;h;h;h;h;h;h;h;h;h;h;h;h;h;h;b;h;h;h;h;b
5;b;b;b;b;b;b;b;b;b;b;b;h;h;h;h;h;h;h;h;h;h;h;h;h;h;a
5;a;a;a;a;a;a;a;a;a;a;a;a;a;a;a;a;a;a;a;a;a;a;a;a;a;a
5;b;b;b;b;b;b;b;b;b;b;b;a;b;b;b;b;b;b;b;b;b;b;b;b;b;b
5;h;h;h;h;h;h;h;h;h;h;h;h;h;h;h;h;h;h;h;h;h;h;h;h;h;a
5;h;h;h;h;h;h;h;h;h;h;h;h;h;h;h;h;h;h;h;h;h;h;h;h;h;a
5;h;h;b;b;h;a;a;a;h;a;a;a;a;a;a;a;a;a;a;a;a;a;a;a;a;a
5;h;h;h;h;h;h;h;h;h;h;h;h;h;h;h;h;h;h;h;h;h;h;h;h;a;b
5;a;a;h;h;a;a;a;a;a;a;a;a;a;a;a;a;a;a;a;a;a;a;a;a;a;a
5;h;h;h;h;h;h;h;h;h;h;h;h;h;h;h;h;h;h;h;h;h;h;h;h;a;h
5;b;b;b;b;b;b;b;b;b;b;b;b;b;b;b;h;h;h;h;h;h;h;b;h;b;h
5;h;h;a;a;a;b;b;b;b;b;b;b;b;b;b;b;b;b;b;b;b;b;b;b;b;h
5;b;b;h;h;h;b;b;b;b;b;b;b;b;b;b;h;h;h;h;h;h;h;b;h;b;h
5;h;h;h;h;h;h;h;h;h;h;h;a;a;a;a;a;a;a;a;a;a;a;a;a;a;a
5;b;b;b;b;b;b;b;b;b;b;b;b;b;b;b;b;b;b;b;b;b;b;b;b;b;b
5;h;h;h;h;h;b;b;b;b;b;b;h;h;h;a;h;h;h;h;h;h;h;h;h;h;h
5;h;a;a;a;a;h;h;h;h;h;h;b;b;b;b;b;b;b;b;b;b;b;b;b;b;b
5;a;a;h;h;h;a;a;a;a;a;a;a;a;a;a;a;a;a;a;h;h;a;a;a;a;h
5;h;h;h;h;h;b;b;h;h;h;h;b;b;b;h;h;h;h;h;h;h;h;h;h;b;h
5;h;h;h;h;h;h;h;h;h;h;h;h;h;h;h;h;h;h;h;h;h;h;h;h;a;h
5;b;b;b;b;b;b;b;b;b;b;b;h;h;h;h;h;h;b;h;h;a;h;h;h;a;a
5;h;h;h;h;h;h;h;h;h;h;h;b;b;b;b;b;b;b;b;b;b;b;b;b;b;h
5;h;h;h;h;h;h;h;h;h;h;h;h;h;h;h;h;h;h;h;h;h;h;h;h;a;h
5;h;a;a;h;a;a;h;h;a;h;a;h;h;h;h;b;b;b;b;h;h;b;h;h;a;b
5;b;b;h;h;h;b;b;b;b;b;b;b;b;b;b;b;b;b;b;b;b;b;b;b;b;b
5;b;b;b;b;b;b;b;b;b;b;b;h;h;h;h;h;h;h;h;h;h;a;h;h;h;h
5;a;a;a;a;a;a;a;a;a;a;a;h;h;h;h;h;h;h;h;h;h;h;h;h;h;h
5;h;h;h;h;h;h;h;h;h;h;h;h;h;h;h;h;h;h;h;h;h;h;h;h;h;h
5;b;b;b;b;b;h;h;h;b;h;h;h;h;h;h;b;b;b;b;b;b;b;h;b;a;h
5;h;h;h;h;h;b;b;b;b;b;b;b;b;b;b;b;b;b;b;h;h;b;b;b;b;h
5;b;b;h;h;h;b;b;b;b;b;b;b;b;b;b;b;b;b;b;b;h;b;b;b;b;h
5;h;h;h;h;h;b;b;b;b;b;b;b;b;b;b;b;b;b;b;b;b;b;b;b;b;h
5;h;h;h;h;h;a;a;a;a;a;a;a;a;a;a;a;a;a;a;a;a;a;a;a;a;a
5;b;b;b;b;b;b;b;b;b;b;b;b;b;b;b;b;b;b;b;b;b;b;b;b;b;b
5;b;b;b;b;b;b;b;b;b;b;b;b;b;b;b;b;b;b;b;b;b;b;b;b;b;b
5;h;a;a;a;a;h;a;h;h;h;h;h;h;h;h;h;h;h;h;h;h;h;h;h;h;h
5;h;h;h;h;h;h;h;h;h;h;h;h;h;h;h;h;h;h;h;h;h;h;h;h;h;a
5;a;a;h;h;h;a;a;a;a;a;a;a;a;a;a;a;a;a;a;a;a;a;a;a;a;a
5;h;h;h;h;h;a;b;a;h;a;a;a;a;a;a;a;a;a;a;a;a;a;a;a;a;a
5;a;h;h;h;h;a;a;a;a;a;a;a;a;a;a;a;a;a;a;a;a;a;a;a;a;a
5;b;b;b;b;b;b;b;b;b;b;b;b;b;b;b;b;b;b;b;b;b;b;b;b;b;b
5;b;b;h;h;h;b;b;b;b;b;b;b;b;b;b;b;b;b;b;b;b;b;b;b;b;h
5;a;a;a;a;a;a;a;a;a;a;a;a;a;a;a;a;a;a;a;a;a;a;a;a;a;a
5;b;b;b;b;b;b;b;b;b;b;b;h;h;h;a;a;a;a;a;a;a;a;a;a;h;b
5;b;h;h;h;h;h;h;h;h;h;h;h;h;h;h;h;h;h;h;h;h;h;h;h;h;h
5;b;b;h;h;h;b;b;b;b;b;b;b;b;b;b;b;b;b;b;b;b;b;b;b;b;b
5;b;b;b;b;b;h;h;h;h;h;h;h;h;h;h;h;h;h;h;h;h;h;h;h;h;h
5;b;b;b;b;b;b;b;b;b;b;b;b;b;b;b;b;b;b;b;b;b;b;b;b;b;a
